<?xml version="1.0" encoding="UTF-8"?>
<!DOCTYPE log4j:configuration SYSTEM "log4j.dtd">
<log4j:configuration xmlns:log4j='http://logging.apache.org/log4j/'
                     xmlns:xsi="http://www.w3.org/2001/XMLSchema-instance"
                     xsi:schemaLocation="http://logging.apache.org/log4j/ ">
    <appender name="Console" class="org.apache.log4j.ConsoleAppender">
        <layout class="org.apache.log4j.SimpleLayout"/>
    </appender>
    <appender name="one" class="org.apache.log4j.DailyRollingFileAppender">
        <param name="File" value="D:/javalab/lab9/src/main/webapp/WEB-INF/log/Filter.log"/>
        <param name="DatePattern" value=".yyyy-MM-dd"/>
        <layout class="org.apache.log4j.PatternLayout">
            <param name="ConversionPattern" value="%d{dd.MM.yyyy HH:mm:ss} [%t] %-5p %c %x - %m%n"/>
        </layout>
    </appender>
    <root>
        <priority value="debug"/>
        <appender-ref ref="one"/>
    </root>
</log4j:configuration>