<?xml version="1.0" encoding="utf-8"?>
<Container xmlns="http://msiter.ru" xmlns:xsi="http://www.w3.org/2001/XMLSchema-instance" xsi:schemaLocation="http://msiter.ru file:///D:/java/lab04/lab04/files/validation.xsd">
    <BookShop>
        <Book>
            <Tittle>WAR and piece</Tittle>
            <Author>Lev Tolstoi</Author>
            <Cost>12.99</Cost>
            <Pages>500</Pages>
            <Genre>Genre.ROMANCE</Genre>
        </Book>
        <Book>
            <Tittle>Times</Tittle>
            <Author>Adel Hichkokk</Author>
            <Cost>15</Cost>
            <Pages>150</Pages>
            <Genre>Genre.FICTION</Genre>
        </Book>
        <Book>
            <Tittle>Happy Easter</Tittle>
            <Author>Jesus</Author>
            <Cost>0.39</Cost>
            <Pages>1</Pages>
            <Genre>Genre.FANTASY</Genre>
        </Book>
        <Book>
            <Tittle>Cemetery story</Tittle>
            <Author>Neil Gaiman</Author>
            <Cost>20.99</Cost>
            <Pages>256</Pages>
            <Genre>Genre.DETECTIVE</Genre>
        </Book>
    </BookShop>
</Container>