<!DOCTYPE log4j:configuration SYSTEM "log4j.dtd">
<log4j:configuration xmlns:log4j='http://jakarta.apache.org/log4j/'>
    <appender name="Console"
              class="org.apache.log4j.ConsoleAppender">
        <layout class="org.apache.log4j.SimpleLayout"/>    </appender>    <appender name="one"
                                                                                    class="org.apache.log4j.DailyRollingFileAppender">       <param name="File" value="D:/studing/4_semestr/internet_programming_technology/Lab's/Lab_13/Lab_13/src/main/java/com/example/lab_13/Log/mylog.log" />
    <param name="DatePattern" value=".yyyy-MM-dd" />
    <layout class="org.apache.log4j.PatternLayout" >
        <param name="ConversionPattern" value="%d{dd.MM.yyyy
HH:mm:ss} [%t] %-5p %c %x - %m%n"/>
    </layout>
</appender>
    <root>
        <priority value="debug"/>       <appender-ref ref="one" />
    </root>
</log4j:configuration>